Vertical_Depth,Flow_Rate,Well_Pressure,Rock_Strength,Sand_Production
2623.6203565420874,962.8323220965491,3046.822734943624,57.08920959462286,10.815432310971659
4352.142919229749,1854.7523684458954,2987.915196287999,65.76769780339606,13.973488925116254
3695.9818254342154,2682.3645896910207,5625.018322084146,27.53275291547493,33.5388505633319
3295.97545259111,2330.5622160239027,2998.1847993980246,53.74118697248992,17.459696149417592
1968.0559213273095,2516.4028696536243,3087.798904514524,50.022218820062406,18.52532393121375
1967.983561008608,2146.9584167767935,5037.593049671855,68.29812637517898,17.763379521752054
1674.2508365045983,2230.691411294631,3798.95936980216,73.42609423368825,15.750130343728014
4098.528437324805,2622.9891289132984,5106.842227820725,10.850974003417077,59.30247666288763
3303.3450352296263,1124.1700221479648,2261.464630257541,57.18139433411549,9.380784175253957
3624.2177333881364,1723.5624091078512,3950.284774693537,13.628505938381032,37.68229612936007
1561.7534828874072,1053.0236045490055,2134.4544007331306,48.42010655541492,9.625004666793656
4409.729556485983,2969.1700199916177,2250.612813821418,30.134291033057472,22.106477101558276
3997.3279224012654,2860.148349216533,5625.749813377644,31.474361966549885,31.701939743310756
2137.0173320348285,598.5670284212647,2556.9814844703806,34.70709524166496,10.664274536435208
2045.4749016213018,2263.937931289221,4129.6827291008685,53.490471433472706,18.381531870921318
2050.2135295603016,2813.1207935391644,3644.3824104028263,33.38349759681385,25.370336281745754
2412.7267288786134,951.4383628183339,3389.373305035371,61.28893354131963,9.78623876532062
3074.2692948967133,1919.8630763815736,5599.33338274909,38.31691699017088,23.83631255863214
2795.835055926347,2788.7207439701046,2087.293587101958,14.784724021697103,27.328118121242667
2373.687420594126,584.864946464497,4655.158744702356,64.8631889738875,9.850512150403603
3335.5586841671384,2243.5506681171,5853.577736854202,30.00308272148942,31.215330570914272
1918.4815819561254,1243.3725184313769,4240.672733847368,40.29368157194838,16.99908783041489
2376.4339456056546,2810.990488441326,5747.289848132367,57.98107182553311,24.45651880173443
2599.085529881075,2927.6456129134194,2209.0315171440952,33.271931000409836,21.53862398964664
2868.209952651108,2860.666222783585,3675.173276296646,13.960995930270094,40.07607429316949
3855.527884179041,1685.5355416436594,3040.631163848205,36.174473290896955,16.66774387331857
2099.021346475079,2655.1066274732834,4923.283859922919,76.11140078860124,19.353957090851058
3042.703315240835,2611.373496337676,5925.188361988987,54.921407810899076,24.510640877823015
3277.2437065861277,1297.7511831081392,3026.120249776991,57.00354040670449,11.199014753493426
1639.3512381599933,2572.288685376693,4616.698405896298,54.25975075463479,21.81680611782334
3322.634555704315,592.5190867887316,2792.3905310389605,23.929449727160574,15.07833582000637
2011.5723710618745,1990.6746962051327,4261.3210182864395,39.28337048715961,21.715829711635532
1695.1547789558385,1075.0220932192576,3855.729946753345,62.56578588543228,11.332948405519213
4346.65661176,801.417214443197,5888.021318526148,17.09610282872114,38.803969564100946
4396.896099223678,692.3830040730229,4434.109090785866,29.449694326279857,19.659294808631838
3925.192044349383,2240.7219396953496,3398.0254883472753,29.342337592609752,22.47541183397198
2413.841307520112,1349.6874094201653,2456.3831395517336,40.241324931615424,12.085047798066077
1793.0163420191516,2311.9169288219036,2604.987314939738,78.62581186595295,13.932724831151637
3552.699079536471,663.3908519973559,2901.2677198049405,14.725178267867536,23.37607832942922
2820.457481218804,1288.2258445765258,3003.8666453611922,46.30906960664165,11.986116407572647
1866.1147045343364,1848.7282309383431,5402.464231364551,22.555527740854732,33.00932302796571
2985.5307303338104,2476.807912097409,4244.8911531301,77.9473581786821,18.048539672396657
1603.1655633456553,1296.8812573301748,4093.5636454974656,17.931245330922494,29.40621517133767
4227.961206236347,2064.7284410925226,2459.07548747687,38.25207016531139,16.964972231469616
2276.339944800051,2714.9443705904678,5440.55877339774,61.651948938422436,22.510500660361966
3487.566853061946,2039.6579704557614,4891.257212833934,59.31880996192117,19.08343304202076
2435.133228268233,1082.3986868840843,2270.6734476000065,39.59100458257526,10.671161921261364
3060.2040635334324,561.001953891345,4831.340388919074,34.25669175669027,16.569860016863963
3140.1308380298387,2675.2471847523248,4174.152869370584,37.83286649870094,24.023045520648598
2054.563366576581,553.1735271259679,2326.901382987113,28.49933842110475,11.345719328537456
4408.753883293675,2686.7541817104984,3833.202566114626,24.373305709475986,29.611022625615803
3825.3984700833435,1822.34283506803,3938.785148520188,43.8127788291223,18.32736411129762
4318.496824692567,2847.6692462822402,2663.098160653103,28.79736292473251,24.0778084463431
4184.4820512829465,2496.9580894341634,5782.79258800113,30.122316542807507,31.093472088563978
3293.6999364332555,2994.8352763333437,5399.901485922648,55.97292444321899,25.455134077566036
4265.622705069351,1376.7795386292755,4676.089349316433,77.79761321899245,13.656099020386112
1765.4775061557584,2417.9707223278174,3849.182244002429,52.254604039156256,19.823871502037655
2087.9485872574355,1504.8272840231054,3647.0621663380343,15.38856269454764,32.11485917008561
1635.6818667316143,1699.689050759772,4603.893868603816,15.290852969784687,37.7789436535699
2475.990992289793,2068.7636580459252,4181.727477627622,76.59962545918961,15.540795168003111
2666.031869068446,2684.192785465847,2249.0924235275425,30.810355321513356,20.353106048950465
2314.0470953216877,2960.208672998238,4050.0105950813268,16.44468902577328,39.78985953676229
3986.212527455788,2420.683534661295,5225.614468931358,51.93312110052671,21.640547221773666
2570.259980080768,1544.4169554183345,3836.9595103878323,53.655414480318626,15.25194570639729
2342.8035290621424,1553.3925056926755,2207.8263102170736,55.39533740830817,12.437812083508978
3128.0882494747457,2343.9557539722286,5145.112797536132,28.718141950027892,29.983277447826467
1922.772674924288,1096.942864420756,2805.4551285438974,11.057747895013252,30.9975347603339
3906.590942262119,776.1852828284866,3034.483339552155,77.55107586181303,7.299873357272417
1723.6519310393126,1386.5553941019414,2658.8254137291833,27.562513198377175,16.155878981484577
4460.660809801551,1218.0974791352044,3320.8602594859904,57.321840163678324,12.508656325276801
3816.734307889972,1240.7703011399753,5027.00602275454,59.46409089150967,15.047377647167476
2096.1470446025173,1084.0193776247747,4077.5434380157494,52.700519195564,13.137784978203102
1516.5663513708073,605.2329740909047,2819.52509660285,31.903517594955375,11.654872240032876
3946.3842853645024,544.6848368335345,5511.3203126081635,28.976737763484604,20.73032971544422
3620.572031542851,2969.305974340079,5518.327419806117,51.836779789189215,24.956686667799787
3687.021504122962,1569.4328343396558,5482.313700184028,70.6266943528184,16.565255560292513
3813.811040057837,1460.8166178992042,2955.184845526157,76.27136102463768,10.538422121507791
1722.1339552022712,2199.1182067326745,3804.9573767239526,17.413406308263035,32.94106657500699
2575.397185632818,1045.6347196626605,5939.9586245635,20.83800288184039,34.237307827367076
1847.607178575389,2874.9029598755633,5088.049905239961,76.13153811481557,20.430288864570322
4089.3102776267806,2465.86253603888,2108.669684902239,61.55746598343548,15.847198275624148
3369.894380482674,723.5275057806488,2260.8183650419683,71.80956773808411,7.2349478588214575
2492.6940745579477,1543.951939462321,3855.725507249331,24.184284389474023,23.669112925669104
1690.6750508580708,2697.795768905412,5636.880823446241,51.13101097765813,25.947567951767578
2432.9469651469867,2861.8300557285256,4154.807191810856,59.07977160922316,20.50738831588983
2475.549966080241,1668.5037781246742,3991.250032137161,57.607831981288086,15.8001946279248
3688.818535014192,2033.5284730267692,2421.894799826522,38.57061836066887,16.360359910301053
3412.6724140656393,917.5848652301881,4627.120418897176,11.077642418391594,46.74378673599179
4161.6382277289795,2977.921565342441,5288.412642400902,50.80482397629842,25.51953404341984
2916.644775485848,1079.1792534586084,3521.6800300302493,27.717107742572612,17.73511728291134
1858.782737814905,2856.829435337814,5102.44740370131,41.51779723000232,26.688428897402286
3639.734361668985,2124.1166224809213,5857.906615603246,77.03067105586722,17.29627419406392
3782.355145850692,2019.3419871971478,2815.0658365107565,37.93247223497043,17.819589593540012
3183.8315927084886,1781.7212775412715,4093.318524778965,68.78611246650988,15.008477689045202
3812.901539863683,1076.6745292943967,3148.551832338302,23.197842402447577,19.275309086659206
2981.3867890931724,941.3200800137706,5171.417676135357,57.072234861752015,14.296839116317056
3068.198488145982,1051.2155226754385,4310.37346352463,78.39048681072605,10.93848007817696
2782.623055075649,966.0956553606363,4538.329670201215,17.132517061105574,31.394090479993658
1576.2573802322856,2448.9611839168833,5191.656638463576,10.58239595590344,60.86364034884802
1823.6742809799134,1375.313147916825,3583.8818906498195,40.350795484283005,15.402267593768116
1594.2875570602027,644.6066914084909,5660.360273628173,16.483783813595704,38.155362850336495
3409.231233791341,2922.7565753520284,4132.11546898456,62.386904477336195,21.955320505725858
2443.06794322898,2709.464712408564,2631.8192913413923,74.01840646939912,16.983896486772366
3025.712073494108,2819.3807079880326,4783.59647267521,40.38146808961312,25.96592413718597
4222.699421778279,2987.2695566160883,5173.045401753017,28.109814950880867,32.88702692186285
2247.8766874466246,934.7381230487183,3267.0467082701066,40.40823233046268,13.34517081009012
2731.148769106889,1490.605047256647,5428.717027995011,60.64134724950007,16.737904525301985
3766.653415629146,2395.596189260228,5624.573019063066,10.633791310625968,65.84198257363244
2186.3944964748675,2240.051545134481,3107.6179495112356,51.2617792639288,16.823347623013404
1730.939729486379,884.7397658496377,5934.085890860888,52.930417942116534,15.44580206833197
2369.254358741304,2539.5828124765444,2562.8461121950336,54.63817728271549,17.504214637415537
1983.6638617620133,1061.1014295916516,2808.06267360996,26.941545598661406,16.051549166246502
4289.092957027719,1059.5440370565577,2736.8993569521044,59.98369063646887,9.75262555096343
3924.3611386932507,1842.436057233534,5575.9588400314815,16.39740404322435,42.780831439427885
3400.2112695312703,1982.3498371042579,4617.170209299848,23.948923552676057,29.631691948530566
4114.381770563154,1950.215519594528,2608.4171328890916,71.42290326581374,13.763719072971481
3911.0162306973434,728.7170934943872,3761.2936734733958,61.710620550859645,9.280499220274244
2059.7101766581077,2693.652156575951,4461.192100279208,10.962188780794168,54.84216238510215
4177.676995469934,1164.0001064717653,2333.8563399575332,27.386338225886014,14.927072852848326
3118.0267257469523,823.7873032070104,5529.665473629355,25.00845380952152,26.297269709343674
3922.3204654921874,2721.870199672443,5214.414141766141,28.95644296258808,31.656935445551625
4188.27389977048,2889.1287455743836,4020.8270943065527,27.329183919592047,29.435249125544665
2454.0104249155916,2655.3190431636267,5868.506461036682,14.376840701999201,53.66490960648777
1830.1557735830302,2523.7901868121953,3671.043917100399,42.12583616177742,21.348438009006788
2183.805487625825,2138.1049515975546,5936.441276145992,61.29134323503156,19.299944301757215
2781.323365878769,1877.1434265228484,4671.679995214508,52.47122073022055,18.72726363215776
3954.0442977674793,717.4668997785253,4538.685093015765,57.10101680186558,10.755106753394381
4082.19174976903,1521.1330326767468,2663.81958118314,15.680442497536742,25.345540951116167
1520.8563915935722,1431.721292530785,5527.711033218576,76.60434971237511,14.209469602765646
3032.241907732697,1149.3844594008156,3709.9587516824604,68.69442836901175,11.041757884691211
2752.233009446337,2308.5502842214623,2648.9336231299176,66.35632229469638,15.22086824824758
2166.323431412191,1739.689337696927,2050.430079903036,67.60886635292373,11.587210066132004
1859.5961020010484,702.6155397691198,4239.02273455353,75.2897355692933,9.852623120047669
2512.8455142108837,1050.4580048745283,4109.598488490705,48.09777762795884,12.55264426929504
4328.729111737557,2208.14690914899,4877.414489476634,24.019741250733812,31.985074985394153
2469.608796062266,690.3271487257505,5561.032212071208,53.17485254967788,14.078659016747356
3056.3718652300986,2628.0172851219218,2317.626338572118,62.001704556755726,16.27457983098503
3609.0568766855336,1737.866317534936,4925.98596136145,61.65421753478178,16.14137367672556
2590.888807137882,1701.46644331662,2749.647776390329,46.50143169168161,15.258567697721181
4415.346248162882,1981.019461648794,5432.708212628656,14.792110353350463,46.159410411540584
4387.341884826334,2561.702414812873,5276.254055446625,35.97790569010895,26.89709860718998
2255.3468874760924,1369.5230197554827,4163.175019942178,74.45366259243501,13.007904634891746
2991.7455176771564,2195.040381397659,4840.971194493246,50.91142368301982,20.65309319871239
2402.634929450309,1914.3299099894778,3257.4004527349935,47.68323602789994,15.934019372639272
2354.521483132403,1167.5706754235534,3884.6715957312585,28.819746006753547,19.425367224960223
1610.6608420635985,2696.574965887895,5286.547590841887,35.79142439416052,27.740429338939137
3328.6930019396905,2493.56505401732,3837.0607886928556,72.67422624072185,18.298045589813437
3008.037069686585,2146.1295866460637,3431.193061301767,56.6524133268785,17.317903400610234
1654.436253749968,2626.454322735605,3976.8497890011995,65.11709187266331,19.50550351375157
2335.9393927098345,2668.235502399506,5312.997009748873,41.80417961473586,26.231256397003428
4224.7976578999605,2270.9074417875872,3340.8321894834908,54.11730536193105,18.408447121339286
2218.6856720009173,2592.53332090918,2695.0463725429754,27.386852612024526,22.80316729366768
1934.6846162736692,2243.678654173209,4848.056081323123,59.38225811984404,18.791605290426784
2968.358280832689,2200.351929400751,5303.912850832327,39.93209335923361,24.508827692646136
4456.951362331802,2046.5284455379608,2402.5499140941333,40.97818603703219,17.13866298694536
2226.1658145345014,2381.791598894103,2959.4964510237787,55.452562720381714,16.738565946619257
3516.4066422176356,896.5127632326843,2567.8879590439756,75.53964350282486,7.701223586877074
3784.8588459861526,2702.1768979973212,3391.7656463286667,14.480444262603465,37.14218476287606
2212.912631977199,2679.60881936308,3801.4039156216504,67.73202661429053,18.9835088782368
3684.649045835579,573.1182075863978,4995.305347853226,30.466817728853517,18.7703273654657
2603.3493981577594,2564.5418764119067,4604.590339526696,41.07436181544645,24.594014165107932
3396.9174917807386,822.1746686836129,4483.714269913725,11.533933014250627,44.145007715440286
3400.589132282684,1337.7971356478547,3409.499786438618,31.073225448401914,17.75951962512442
3107.3240522242754,2358.7706407290198,5365.7902123390395,45.18418698410913,23.21719088792197
1770.8693101632248,901.8997401207705,3885.1486695926583,13.932325414320731,31.620877790739087
4005.907486767714,2544.9175602976557,5916.419752060618,44.37670105682156,26.185841623407548
2462.3401949152076,2580.3354448943546,4536.568553182948,74.89774402008992,19.510632182182654
2059.5555311995627,1768.6693344020905,2505.058966258011,17.377525267546368,23.49644096857698
1622.3254246642919,515.9646792920839,4704.710248301736,63.5108509652853,9.986348150728286
3272.6788295647257,1217.595332937282,3300.416061726796,38.67697373631948,14.326624968587959
3532.6930855268474,2042.3172959393555,4745.30878674439,55.86216001670366,18.16017938648748
1549.7634867835684,2952.965445068559,2278.564592649623,28.216561858966056,23.257476566561763
3036.279174897843,2079.533817541671,2699.5257487038375,21.16445837789508,23.60955056379138
2179.4873255938137,1149.5089526603995,5422.949035623145,21.232382998985848,30.515614374963295
3435.5183712283497,2085.0142577490283,2908.7182280940597,14.934436195020126,30.696576235169115
2023.0992870149744,1849.9634492896387,5348.16450097176,22.99526934308701,32.79452564679692
3572.8132143073976,2449.613487877859,3117.104353817642,56.49535694922778,18.46531703086099
2660.2060389016124,767.451597067396,4571.52764023483,71.71834282904555,9.540473632767064
4310.189966210204,2402.56975625507,4776.602294039324,66.98879799138132,18.4603860283247
1912.5628324379798,1853.1664466902757,4050.619012580212,57.959401691213884,16.18006536099137
2523.1990531507754,2907.4800096474864,3221.242706786925,17.730230438777188,32.956873708285144
1840.4205637217672,1354.6804150967153,2850.5775054843843,30.243121240716487,17.09712253883375
4274.080854835688,2081.5547328348703,2132.7574182497046,31.686481272572827,17.49162491398294
4132.018060142943,2830.0702637750437,3215.7856049628954,27.496986247833487,25.72405818850754
2273.8248831454666,756.2743199766982,4612.651162125132,46.05039617968062,13.28471572281192
3479.952138102537,2843.071218091128,5753.219273793931,47.48876704157708,26.945261926493746
3951.6666006036476,2219.7143057520334,5484.817929052208,34.982018261977714,26.29518247080265
3165.602434798387,669.5926477629298,5064.25910614121,34.76524111155052,18.729216021528085
3088.9517350680194,1252.4089173670407,5153.789373013195,67.9988918534257,13.69907779429855
2225.556872701355,2270.4302216132037,4659.939613903981,65.250499382378,19.28905739331889
1779.3083034176975,668.3765036719292,3041.1474302640117,31.545708217652194,13.321795634979926
4191.6472738599805,1955.4261504406832,5628.780122823319,73.96519107112815,17.318672326397
4201.254171489991,1364.707642382392,4682.929247623337,76.69705119017543,12.669588780291551
3399.304371819804,2052.2887944186928,4241.76252392176,32.87197794210286,22.994875924901432
2517.089373146102,614.3550845312822,2443.957876853924,34.80974641551384,10.306834891423632
2547.6287238379828,2678.8420153809407,3788.222175225702,45.394390739537116,21.777921090340616
3677.867036610718,2933.7224229434923,3841.433084807705,75.87845687735715,19.434320020520538
4191.330779857732,2922.1946382142287,5458.25443809068,71.34236031996181,22.178947862921266
4161.259272795352,2374.1295793573117,4186.592880751154,17.179757380851285,36.27927288095838
3839.6266375728715,825.21560032658,3521.6021958816386,37.49115202899914,12.454866419900933
3426.094938462863,2395.6579898225564,5907.201314042637,48.73598328248403,24.32819504299521
1752.4198949851466,561.4672911470038,2442.8823733052627,45.2192730786078,7.719779345820432
1984.8861422838413,555.3088788224932,3690.1937132477788,23.570414755582487,17.855918832922093
4195.662565581238,1309.0255478738532,2168.098700685621,70.11717398177083,8.793563501095626
3319.2871789787696,1721.6079760116643,4959.616483067721,57.385854809778614,16.35367027219342
1527.5911548498889,2426.018544519483,5672.306208796603,68.65358623962625,19.714582963764343
1804.4146285980964,2208.2384415162633,3120.1493182019576,70.11349955446306,15.136822340815074
3490.5053073241675,1614.7567659418708,5433.366707196484,62.384909756601786,17.759838046829216
1515.184751538656,1184.0666657041647,3168.872921847591,40.74474208748021,13.43477226264625
1982.424154252496,2992.811250394278,5643.080646575661,52.73827285107972,25.75309333451121
3146.2013680997584,1565.4532555899323,5015.847614387136,21.225578428382022,31.65865385048004
3575.68559307808,1628.4675608241887,5219.6271073657545,57.155179223243536,17.340248561906318
3455.8837785078017,909.059552979173,2072.026222401818,22.547727901749653,13.696088305705135
2172.8079283816796,2487.0238718748233,5851.241428296104,58.57647133571098,21.8265368491064
3636.5376640426075,2234.2055644537213,4906.683968281293,26.071871252777807,30.716329730422146
2211.7472624904003,1051.924031971901,3219.0043815445333,18.228591010515398,23.822314457267616
2476.199094477803,705.9526140396067,5317.578659435388,21.56991431000702,27.34119118433987
3739.4742153540724,2201.2482551867824,3126.0847936597197,10.139449465334918,41.3251394905563
3448.898697141644,2136.2780357028378,5491.015358264512,60.31177324974712,19.64586888197413
4047.670231482534,1183.1488174955234,2450.3215616477482,61.26807343408654,9.432820076040286
3472.8386769010303,2877.158905626026,4814.743909843182,46.04533449392816,25.09530664221815
3204.925810006415,877.6447294522507,4162.793906579642,21.29539607387686,23.571946116700623
1781.0243034842774,1580.8370026065047,2386.137880781763,15.848803625748282,24.042347132181202
2603.1474091783007,2859.0398004189974,2967.575313035356,11.33902765061009,41.06181183441612
2295.6071030451762,1549.3182923153058,2049.6161451092594,21.60237238756545,17.34080002706941
2231.968930137251,2096.3148691602137,3875.071861858023,72.35988744882027,16.350343720253377
4419.031664257336,1493.9859949069855,3205.0610430400016,26.907578919117725,19.93424929455561
2679.2931740002814,1185.538005871675,4393.429937191035,34.7989929052051,18.270880321423768
4176.13966553134,2959.9441198995705,3188.951230834469,17.374183913693322,32.746150220149026
3393.415877991789,1523.3350157876075,3199.6764460279387,25.56529133237192,20.171451612291406
3884.4339106249454,2735.248009197836,4972.772794926414,46.34571995461436,24.836792806061755
3007.9112793155764,1074.8865147277156,2192.571343913414,52.542687816695675,9.616896124914431
3230.7116538790774,1032.7617600627082,5611.579980767949,27.174661991634775,25.025355746515576
2977.553081456592,577.8352072112784,5409.0554975647265,14.041251145758205,41.01036725885147
2085.7289633941336,2129.1670634397124,4671.218732905626,37.37230083891791,23.10799565466108
3667.356345784516,1421.3158593094029,4372.886280429537,26.39423596484339,23.636326954959422
2342.317087322567,2660.8956245990926,5569.209992558609,25.368774626086136,36.2437606384063
1572.9478992943616,1683.024766728893,2741.3207181148578,77.19039618994186,11.273505232211575
3436.4168877215034,2920.4835697868043,2315.8766487633143,53.14103401480068,19.213194379120612
2031.3320382211468,963.8137892578029,2958.040679638152,48.98149102204671,11.602724388452975
4321.375753058743,2671.557919889027,5178.3131148007615,39.104257246632535,27.73584019168338
4361.785731007762,2441.4921319793543,2138.681066905933,40.0261033401101,17.34847772110465
4244.5931706613455,2427.30461161013,4331.227340333959,47.863350268665656,21.431389830855462
2610.4761007663333,2611.958070292219,5981.75006476524,58.75008649252751,23.526357778343986
1546.3698495866022,2402.5599773574972,5422.7843753501575,59.15022673272806,21.278357470922895
4284.955687763177,2065.5508040785385,4085.782756174358,22.01857353938147,28.834405222041397
2784.552444951943,828.112194205969,2254.5636371465694,45.00789264536389,9.367811496437648
4399.964457131009,581.3154487281298,5325.494057542839,38.837066652387136,15.352854535507417
4390.859931267758,2802.119619539217,4395.914032708843,70.93688763885689,20.548569555102848
4059.0283664020803,2041.6257863018452,2459.731988238267,54.19932448528635,14.809525346758907
2383.3466762087573,2491.343227440441,2375.4291392934247,47.275284649118724,17.37015311843114
2655.2931858057755,1703.8058787813752,5638.50727774637,18.077624952524218,40.73299183952013
4053.410014550571,793.2704724059862,4676.801051752314,52.3946522526388,12.554989164148687
2450.766015468833,812.964480506376,5317.147197267022,18.20427339761634,33.07152074421725
2008.4782400582776,2213.913218072428,5515.915601129069,33.60446028960264,28.47957928504535
3170.4037873750503,1575.7647372486567,4287.089408193289,19.99893753700323,28.89937885374534
4308.464322482343,1001.3118167508418,4069.785407020165,58.445155291705824,11.69492790031731
3588.089390024919,1728.9863668535922,3721.709641283961,24.437647968530683,23.800829277230896
3210.1835102680952,660.5223426878352,3267.7863511644773,37.43015612316182,12.45333621086166
1791.5294813123055,1954.928504785997,3738.383843434847,72.6972344333145,15.020945510734581
3345.0216800975095,1172.4835110877443,5095.518622920626,24.30214683792792,26.183464913479806
4470.1615503127905,2493.89775159297,4407.693724060526,45.54635447711454,21.880784312092032
1920.252045709572,1275.9048973089343,5570.093159819384,39.349016281621545,20.231456955207793
3054.98895709121,1638.050372704503,3773.520057516751,11.268682873201081,41.63843034702322
4132.119215783867,529.0513497702516,4428.358314875017,65.4930679500969,9.619746563115738
3722.3058532626133,681.1172194863972,4525.230212367955,14.83321344202198,34.12210552443023
3591.0472229858037,1481.233891016712,4366.788649225302,43.19785146838675,16.62697339333692
3607.452251961328,1699.8470867928088,4810.535092342065,49.2474806457265,18.799289552057758
2578.4734536592655,2000.0513702982594,2949.733873499225,53.989851963021096,15.590038147049228
2380.77553279348,1229.156446773258,4049.4551101831626,58.20421405155129,13.795371152869034
3928.0834664355407,2237.4547153163567,2416.899211233391,27.729066846590054,20.125494435215227
3930.3401840375423,2650.3059929730116,3538.0453105792503,10.698514366091455,46.872627109015156
4101.216955740311,2449.6274722333746,3950.6682744850577,60.64105636484384,18.996250805146122
4239.721657669414,599.0470633708928,4608.89703818189,47.495961954330504,13.372114259560554
3034.0271965828133,1701.2673681445724,5802.124210344814,68.52823922450742,17.23422604469167
3004.548884061599,762.3254460454372,4402.604266193423,67.4971854030486,10.285318277322842
3894.8855369003254,1105.1125396563186,4974.375664706239,69.03283174515182,13.867591465851206
3449.8917923332956,2966.656483167866,4025.064237980811,43.95662619856781,24.434700825930733
3605.90063177311,856.2388572537831,4536.416125505326,33.3539877085806,18.168887379541594
3887.3780083083034,1747.2203836283902,2283.7288645350936,65.40907418139591,11.589405433893177
4170.016025452699,2045.3893357952977,3017.5663233673877,41.590587912047845,16.838199621764257
2513.9854705546077,2256.16242636026,3447.412372820555,22.840953748240416,26.520289060533692
2626.748857919832,1899.1217087172852,3889.9734200260546,69.8481813693032,15.137552682781898
1781.945819522607,524.4271185479591,2182.5949820095348,71.77919137406431,5.355781429148882
3234.840422988522,1316.1532706099797,2560.0963902132708,42.64168292981191,12.654999146239348
1607.8268213902263,1794.2791084617786,3107.257231165223,15.298980911685122,30.07593260293606
2896.7940543973805,719.6662478620834,5886.130763604202,37.14782629418519,19.791187767746084
3127.93390412273,1376.5673280229519,3325.3880284122033,66.24763616238224,11.331965116376468
2359.623756384853,583.0077719784164,3928.16423244833,73.124181998236,8.23119306137095
3272.4997817070325,696.4462428875519,2784.3908509535718,24.243091974831707,14.565043883643076
1591.5007498171483,1492.3081905039903,4443.120284303073,14.688152841769007,37.517378154896406
1612.0445662476432,831.7893851076509,3122.7328620638973,71.41453171929871,8.324824576874029
3967.8016819789746,1918.8521206538953,2827.970313753707,37.25834572852127,16.94560387666448
2580.5719242337886,2223.6624228431647,4066.290513783916,47.92326749872943,18.9757470710304
1881.1815379556542,2501.466747772707,2022.0231966416832,77.76460684355312,15.043690824818757
3066.729780164413,1000.3756106120252,2030.6561305969012,14.6595309539956,18.573696358935585
3809.9806592958325,918.7064556476744,2876.2752364074313,55.382260521646685,8.322303484548677
2147.4630824905294,761.4196008360007,2146.8854500032844,15.187379580240695,18.969567374589978
3368.671427457001,2091.075623859092,2432.1030165227658,36.28282499265502,17.70294280358171
1756.042394981304,2266.189316217253,3355.4425973550065,66.26701816354128,16.206314527345707
1655.045163505823,578.9653620641051,5210.342718319252,40.34305629289441,15.819328043889517
3094.063894704444,2840.5306156092247,4288.194573477203,79.80276477320653,18.990317143273526
3121.9053648303197,629.928209128681,4050.670903825666,49.134149946262156,12.24160746704242
3412.2897044946194,1853.2408382526762,3173.9552928324865,32.48135068451674,19.986472027033543
3678.274001167985,2272.651298627291,5727.014877731266,25.40779281333272,33.98199055187671
4427.556238387604,2677.422809365214,3588.0601649487667,34.53643740003133,24.288081136862274
3048.901044903586,2285.217330331069,2348.371067183086,36.07732916316856,18.02300088143868
2468.8694188237378,2504.3202076744797,4468.266064471205,14.809957440677268,42.0239264007151
3885.558584306111,1348.6254813570151,2455.3535739064055,35.87019395987412,13.382323882724865
2312.4967537862226,2537.0627843662805,3380.8925712067685,42.49669638174574,20.706937660122506
2816.9142621169085,700.2871159616878,4029.6477548712355,60.591642656716324,9.924662644634003
1735.3691440267978,2737.041640151319,5496.890098740703,55.97106393051256,23.396831375616017
1576.0522302463726,1868.9809403843406,3974.1863213604747,59.6135958660408,15.965782007849253
4387.945244033775,2543.244424906234,4809.035064126657,10.585457731379996,58.10636496436861
4007.9403615366173,1630.7957112957504,5971.267355996281,25.23671797063752,31.84113758754888
3587.922618281094,2108.9442379913125,2525.9564795919264,56.317900187989956,14.499593834029161
2726.85883324281,1816.006652340283,3098.9261020780777,43.8792557725823,15.78391958630231
2019.8829602125375,2328.97380438833,3578.3043023905857,10.371943296784217,45.50242132518713
1969.3111280132582,704.074955076474,3687.3127141553255,66.31462497022756,9.569613647341336
2250.728694493786,650.8802099764096,3644.084301062183,64.09667013032362,7.886871828496068
3147.6799941183617,1117.7580850253662,5630.44401022622,48.38934140954939,17.801296780726066
3643.787768100187,898.8617002829708,4856.130577867426,14.652432804339048,38.329628553747355
3480.5921301531935,2679.4589164805043,4431.620856362815,63.65605346728093,20.20802585179
2339.8016908378286,1048.0349683951108,3237.4908714511284,50.859951141195474,10.304107638130692
4364.595841989582,2939.6631395478285,5295.161536885179,64.73719840105714,22.697133220136354
3713.6907500873053,1342.239479427767,5820.242045939956,62.62228946770883,15.973307261859523
3163.062157534202,955.2947892217483,5284.793130200906,66.21014503704859,12.253022825215664
3335.1622387030566,2474.246267856198,2006.2604207658917,46.26056464832374,16.45049186287776
2758.8001872833697,2146.7694387521906,4545.605480733628,19.82271627354605,34.430239465456395
2243.1929685034725,1745.4892911328475,2204.541525768403,56.98102313657821,12.928814813207632
2567.918035953785,1888.408877344078,3030.4288813348876,53.43316495363794,14.651200440981942
3773.5383313931075,2298.0044456806595,2238.098801391087,61.957723103936104,14.303522594713538
1543.1804658892677,1071.1368533282468,4415.181811797551,21.89167042355147,25.360494088675594
1848.2179215207486,2990.8347901418547,4746.359653970427,23.648263993020244,34.918092841406555
1638.0079260652583,2936.9829053669578,2457.9505522636205,72.32866620535299,18.33132170894217
1622.1864069569103,2125.814215867342,3535.3555321799176,62.498445891644955,16.018122232772928
4066.3817520330217,998.8561273228629,3824.946035822168,73.57599420902261,10.448663588470845
3610.973578140071,2200.5706060782286,3476.2120870436665,63.11007248147445,17.478603231594654
2922.5214872619754,680.4960224479396,2484.100001940772,51.80087141932113,8.605709799540383
1793.5024819530045,576.6312555145151,3675.791160749902,55.789291591951155,9.447815798163782
2974.847625350497,1144.2072212780342,5004.7121912336725,72.2389546758007,12.55745728733188
2920.4153123416972,1656.5573918482908,2284.030658133022,50.51647281583584,12.625808536968444
2019.6056097300457,2670.6812635209512,2320.7200563276137,54.26739270298712,18.22018071925849
2801.5549477139193,2317.92267441577,3419.085167343937,20.95337012025204,27.59354731696093
2695.5142031921205,2356.7663029999526,5766.9028464757,43.17448540812719,25.163643984837506
3347.550294156649,1563.7333361201884,4674.290586891657,60.147797837066925,15.615606819383045
3405.2809526029314,1364.8374813674072,4714.679826690259,28.96598888214558,22.849901111368908
1635.9120293161336,1427.5969074615068,3447.67996335146,24.157792636717446,20.723254194060786
2623.8378438794134,2969.1239093401446,4374.643164834153,31.967876575709088,28.691603967014775
3377.579747142709,600.2729785312063,2040.5247361109734,26.905043959498343,10.555034630003309
3009.408775740263,2667.5787403061213,4544.384185638169,25.04388459254771,31.7336980406647
4069.469523564967,1946.6885214309834,5653.147790304947,39.739559000766086,23.69213446353707
3476.080894856835,1596.5385479739762,4450.293873379276,73.5486959718474,14.643916139352541
1988.803281244289,2313.1441510378413,5494.79437386538,45.49417527171028,23.205351195479306
1711.7062422012896,1716.672353561757,4895.892221864375,23.154426657072612,30.583901246766658
3427.2578346189466,2683.5580952041514,2482.233665614761,15.388016856661185,28.67492456367732
1579.5339316248655,2751.754660028146,5609.813229143367,58.73093015965477,23.527877016072907
3257.32674382039,1554.3023171836385,2265.7753774230996,36.79591351054715,14.166909020802144
4320.690724274873,1192.0694930876289,4135.869890191056,67.52816626097515,11.687227898523343
3226.4225336276368,1980.8758214834056,2568.548495173831,56.165753804853914,14.68973377685338
2664.5097786195656,2780.9083640417275,2046.8264429236162,65.73690153789579,17.65796546697246
3429.8646553270596,1026.6554725141664,3688.1370405105563,29.036222759291412,16.726716496285185
2874.75867147455,2057.4164589087068,3180.162830616625,58.46512457227407,15.977873247180145
3136.850367947805,2078.900550231301,3944.001975190412,28.484338928560316,22.994079412411143
4324.394426329576,2332.7825560382025,4308.799546938203,75.7347935615204,16.87040670297812
2658.307913402323,828.9192128181495,2174.9562892357894,54.54619970733621,8.946544637540711
4383.571691471743,2289.562411705221,2492.0131804949824,32.71582601227395,18.774069939614467
4216.051925868191,2772.5813016641023,4234.569585801702,28.865830360459086,27.94580118156487
2087.373404367889,949.207772175605,3372.669412690633,23.364860955015047,19.081863420511418
1708.0839026254964,1093.8583123096942,4916.693950197792,58.62486712256094,14.889948516105733
1802.33400413228,2928.487735104099,4609.166594367758,25.31009290985491,31.93738251736146
1554.6654769546492,952.4423817737245,5382.417451959627,51.67122861492423,14.653219370874684
1783.328882267785,2635.9627334239476,4769.971306676902,28.524451884775015,30.650923775723967
3549.0203202490707,1730.694641120087,3719.7243095605927,56.3378261355708,16.18485870414557
1713.565945380687,1118.0776860079427,4691.866489577729,67.04578099783774,12.53667689771735
2456.9268908812837,2676.8747531812783,3101.524697021674,64.46176702012572,17.576264849187396
4034.6259329083637,1613.2631375066637,3225.253995112851,63.25959316515472,14.212679957175782
1569.8158072074775,1787.0433848242255,5155.940639683173,23.140568398457646,32.01339747632176
3943.4054477668074,1398.0834234994143,3785.678065606329,16.18694628891631,30.717118801530994
2345.5643243202,1982.3771285873186,5193.52136207341,58.92641799411699,18.31925491592307
1854.4944828649686,908.8096814625569,5289.689494673114,35.78430496560459,19.301683340630643
3590.211496092452,1477.7038416294017,5430.249350645136,40.26423584823431,20.79487190877251
3386.828540339652,2923.530805838219,5666.540943364829,12.180436495537375,61.30473713967714
4132.416040581159,1145.3335817528189,3723.940882053185,28.170351449253445,19.671531150734584
3705.2131314116573,2141.841661353231,3275.4672732845556,12.357348271212482,37.65514778721678
3910.442791154546,1312.975160561737,4328.794986376455,71.54300408208734,12.076807306947844
2346.1037177139197,2433.6828142165014,3484.6896937505103,27.037767825297134,25.744892257480426
2032.3186313391684,827.1841517958746,4404.296667200932,49.01360187011056,13.27835299502007
3751.844254922575,2924.552612696362,4822.343450575298,12.728552446279128,52.85232794287975
3920.504217801792,1634.473853459098,4753.620073968547,56.67931739139606,17.292508651517768
4471.51542600202,1090.1261583661599,3498.2115480804855,32.61191420278657,15.621630656548412
2737.8530307342794,683.7418683250316,2667.440806795011,72.8543430870366,7.062130515036934
2616.0542573783496,924.3947627188518,3722.11735384883,72.1682732253825,9.513800110278241
3829.2388822259904,1799.4348713900442,2570.376576327635,32.77034328532234,16.056850534959807
2522.4106207590535,1342.5079410782157,5560.388140735233,73.06726269833275,14.49585288257126
4292.2719768106945,2572.208414706524,3383.5098429514296,79.73103714491452,18.36047497130317
4075.2382555290355,1577.218809154515,2617.838988893295,67.77909648867637,10.828365420353174
2786.982082125055,1121.785681469075,2101.7910396230036,69.14099434286604,8.632650428937819
3752.613203374492,2042.8624665100751,4583.289545145937,27.430611527636295,27.24325083264109
3763.628622254047,2266.9430422136147,4547.609269818973,50.36916792004294,20.424811775934373
1809.3716065077979,917.6047697523746,3362.4166663251667,14.70791397771575,27.392734857288882
4207.6587200387,919.0480407207942,2286.847555390604,16.64425557751688,17.685192465062947
3015.7571173435717,591.6785673338575,3638.515579580928,79.92248284233034,7.627341947378511
3979.372398323225,2341.005037664101,3244.8699802535743,32.86474745981377,21.200049299224453
2460.1488030918354,2159.5113190545126,4708.482558940037,62.37287384341925,17.251522493793995
4186.569685488601,1686.5771893745348,4423.116997810761,66.46655371187715,15.684832781137782
2667.6050362024894,2610.4261224229926,3458.37491279016,70.06162897050604,18.467513221887295
1532.512954440895,2514.1753823751333,2871.57021701996,79.83398081815096,16.1936346580825
4216.145929257791,1963.3859109918803,5952.143864622367,26.90475396798075,32.05448601942289
1773.8600303584008,2670.678201283147,3816.0064847844596,12.824557880178979,43.64601230970226
2457.9409127712447,1014.6030250919206,4753.096943120949,38.78340625962102,17.44067615878077
4350.185901152415,779.7990484943197,2562.211870313443,19.105646888026286,17.761760982597178
4351.821440812668,1174.374028792474,3942.3587986375915,11.56981224134386,39.79765606609775
3220.313664369858,642.7171402232871,2110.146879477862,35.229877899904025,9.859228983539902
3395.5116365093977,1827.92382000258,4021.8204716417995,64.86167757526655,15.500623205225965
2845.3365659349593,2841.5142307374035,5856.069628470809,49.63264838575496,26.103422735109362
2379.6323150941935,598.3588516712741,3536.826851943201,31.894459244724782,13.445921315969034
2485.993636109748,805.274785025067,2155.9840502996462,55.80394038449038,8.033349726162637
3517.555368231115,1630.4975707085882,2123.823163677374,26.24127262161675,15.829956144556473
3757.1235883130403,2834.687543819762,3551.947039787478,11.006701225045951,46.12506456479583
3874.7371311775455,1290.3902624418763,2640.0997458527763,63.50473705054991,10.201590759718826
3868.854428383662,1768.087021720981,2093.4083853127436,53.662015940480636,12.208416676345443
1773.6183091460712,603.9321476259802,5024.854455800707,63.3611837150672,12.012539781425183
2983.2609141077446,870.8580024052221,3834.092035527563,12.725661168136593,35.14878338069747
1672.6762800499328,2966.5753073971173,3156.979087890618,68.59837394814565,20.39517970604424
3148.5866469712064,2912.7967410901138,5600.332732065923,53.36683400254123,24.446568372659797
2824.591504120131,512.349952336024,2464.5558408021025,49.43767454988481,7.58255416215865
4163.112548274899,2879.5294635580976,5823.675315821277,53.72298336801721,24.591086939584105
2552.745037656236,2097.799844538751,3255.866869509411,70.51032728078549,14.75872625165362
1851.2010492828176,2669.795736300055,5553.614689234725,51.08555545912349,23.761118682290945
1928.9750461585077,1636.8496390846478,4411.771505917846,50.66652659217255,17.511508033234875
3784.531895152417,1788.9900714481257,5306.8294389659495,79.3475409946036,15.434918567073222
3354.654189948783,1722.1164506423004,5936.052652841858,62.97111169479976,18.57140024704748
1803.3680283683707,2167.1606438652607,3153.6217512749827,40.96056638157947,18.837029056260278
1752.3204183449923,849.1281368907823,5844.541941630372,59.51779000230494,15.217283581178076
3602.90739437736,574.9339746816948,3557.9275796096817,37.2461330184252,11.687422854621047
1718.2890190925805,1269.8248539779775,3542.0476189476894,26.02128237384493,20.590858724944052
3965.580177871069,2261.7019068416166,3361.5484170180225,51.77963138214316,18.37375845105054
3618.7266814694885,1004.6336303073708,4165.630429390341,74.9727468679766,10.092671620488103
1744.0463419256994,2183.5810833122932,2616.5801727139483,75.03976640108239,14.908396815784691
1754.5131422555758,2924.780115268176,4214.845941432044,33.933369467384324,27.212920366028683
4459.9187355035265,734.751789473546,4166.819249640016,46.93742263551865,12.437413344876942
2622.812387268361,2181.5052955628157,5047.60725041948,24.814512899890282,30.836910066845267
2611.926441200673,1609.3755482614279,5334.599847750342,79.69417766492184,14.381161893222936
3938.3987017725076,2670.3556359437634,3761.765401249696,78.6782535507555,19.157885171304528
4341.745732151576,942.8744736184648,3209.332997405975,55.46562507952132,10.500879520415827
4458.003191468613,2231.5648805654114,3037.339589268378,66.30898417742313,16.129474714840143
3760.134555776825,2595.2882241202756,2778.4953468194876,60.057011289859,17.207421029151703
2628.7787565927474,2861.535548685058,2230.5903287960996,51.52107533276278,18.24722287856261
1750.5021500960063,2208.1200707241146,3369.7919153388534,13.73435978922284,36.11707870046676
3831.44074778231,1742.9369100210683,3080.990768523133,41.833503978686274,15.404784573454178
3175.212749207415,2044.6181005030346,5865.669543465629,57.23504115171874,20.26387241226831
2772.666027740929,2672.2624611967954,4230.835305000175,57.42721297185793,20.745626435926003
4219.063155284208,1926.5243665970743,3389.10815612203,36.11858328956685,19.071589114089917
1833.592446918454,575.9676492420922,4321.8704039747845,75.91843906606213,8.483072510609613
2977.8753128725775,2827.3717387674446,2556.786805382782,21.714992256574668,26.10906154831043
1534.0609343022572,2223.8168775789027,3776.1749968088116,45.02516123508924,19.85232286952857
2905.981925982379,2191.2834644431164,4504.937285684255,58.3618783585576,19.042708500198028
1668.909827045512,1039.187880994293,3955.5913271698055,58.799506412426645,11.430290106169348
1856.4537488042158,2147.2136755816427,3607.1152026172967,55.40472697381709,17.104473597538508
1852.5787403313147,1484.6610141353963,5975.393555598793,29.270174941630213,28.435301609023455
3447.6309063481904,2128.08244260373,5521.259048595708,20.934459808063536,37.46175787003087
3738.13463779627,766.4825757699768,4493.623832637761,54.51582287786976,11.388771384894277
3250.106295291479,2144.6132615075903,4277.509444729131,51.95114812976064,19.132521197074027
4386.517645423626,2998.5343144266662,4482.641919298336,22.55492072024687,33.87790022710471
2624.6117385711123,620.53009715139,2805.248431289733,59.35974018993944,7.851961450106925
2357.1362588455822,2942.935460553293,3580.5509730572744,41.862039421355945,24.216777573987024
4105.797384568381,1517.2699018071767,2157.8381315635975,56.743241412220705,10.915213983655741
2170.787515558358,2676.883625843148,3902.1841499473067,68.61569558391055,18.65427051304079
4389.667618321833,2455.9637101456838,4172.098335830653,21.88099000038462,31.729061824496227
1536.463424069449,1917.5406524666696,2910.9989444128382,11.340140759778567,34.48616856792261
4409.636480122917,2346.123023128316,5856.115388662055,64.53718104770508,20.488255544453512
1629.4797358517283,2696.28890325337,5637.818443748968,52.67881976068311,24.48191405221617
4173.429341094214,1510.3508041275825,4888.572941823623,58.97476987354852,15.523872678153372
3083.1033272588993,1317.5829039080968,4133.546515061451,68.67084824920498,12.489290900445624
4478.894388357901,2168.9834639089618,5479.87663859074,66.19676543771504,19.495173922365787
1721.3896942061965,2519.6148548531464,2522.6093752938514,77.26441028501773,16.073752032174724
3161.5628532039623,2405.7128369415395,5162.039177099539,47.51545551964828,23.025889387964444
4407.907606857297,2494.534122146586,2499.283255867393,44.194694286193375,17.958275314496856
3069.2935325104463,1588.9582870323325,5176.842650197622,38.132103992351105,21.70589597821284
3388.1959144057873,2544.5855404375543,3103.070273005428,20.75837299909432,27.609584895946703
3587.2460669538514,800.5226384265211,5508.362324072756,50.08250630174157,15.230091609277286
2863.62319430332,1861.2227449021238,5776.168375301591,29.390876702818513,28.710577543567275
3382.6742402521904,514.3966512453039,2595.1838776204627,74.49152585490829,5.964563339988433
3252.9429357693007,1311.4645747506756,3850.702420261574,50.82335629939683,13.638983343003245
4203.474031472967,1416.1538371784945,5923.949512650741,51.49881263556771,18.566345179197867
1636.3391410243737,1490.4317290231384,3933.6297438925867,34.844726261390704,18.3356828834454
2342.889568776691,2238.6680167246554,5454.19009005818,13.639254638439525,50.62523292941489
4351.234452229676,1471.3952531758644,4354.926088525279,12.222063576109203,43.11798279539581
4170.791351672749,1621.7340565563265,3501.3196316784074,39.63346009072383,17.049291895550123
2866.970258357139,1093.8603271858187,3143.134222103481,15.91957646680665,25.604569180413666
3360.39779340461,1433.1294790733502,2812.892364344349,52.479286887809735,12.310089540443728
2332.143548943398,1068.1740681578785,5047.192765510788,71.66811039477602,12.587349450219547
2064.363479171284,682.9898094211092,3546.162027292112,71.80403715631056,8.629014470568709
2891.0952148199467,2008.6214834534449,4045.101848803005,56.13317870925627,17.471752619425402
2560.0566840781585,2170.531996387541,3969.3019200047274,24.78622820310517,26.453975701797567
3250.9683355526163,2048.7258650240365,4309.116116932525,70.40977819512105,16.43836459772837
1733.2039108949546,1658.7351095014308,5462.308582498209,72.02654047192456,16.059489891366546
4423.1844229985,1449.4644504480746,5922.957374333718,23.765750946707108,32.173151004300344
4458.632233438809,2658.3341239295632,3630.336834295268,61.61982600394741,18.139939556262693
3594.4851420592354,1797.7044628405451,5310.075688425212,30.056368424898608,26.735823948750777
3108.2890990323613,1697.9546940743273,5058.11117861887,66.18482186470507,17.238442544405803
2428.582848858983,564.1051645160892,4294.115805822294,79.80665299325219,8.021155099998031
3941.385059120846,1353.1195690653908,5824.188574447732,12.101820373057496,54.528108814637314
3554.193517661638,1450.4890469646425,2801.898062113611,72.81561060536524,11.28705547074595
1987.850818034674,1497.056952242251,2437.0568412384855,53.584137351906065,12.189567689871181
4232.781553481527,1950.4309230683307,5415.847867821689,78.13678334153748,17.279762052330664
3967.611728769507,1834.006366817196,3756.599266534993,42.550666226849934,17.369629949981274
4349.399739875772,2019.7627319836115,5387.875416828241,69.31715513999616,18.2372916421795
3677.15852516508,2412.2081538553207,5572.36082078166,14.367584801879406,51.140507453314214
3340.2455878073697,2532.464346790234,2249.8303744762857,33.4695335054807,19.31327336047345
2754.7291088718566,2295.307690566236,5533.859051944242,14.691157642584699,49.3138398491963
4298.185450062039,2888.809239887337,3793.2762214776885,78.27401934353493,19.804924726960717
4098.191668501226,545.5814566909041,4041.7299560169286,67.18817350902857,9.179602745862292
1635.6560103185682,989.4449642088653,4506.370044372841,69.67831948721793,10.843107142219983
1579.100923491756,518.9071874453552,5705.530426920347,75.6575662003726,10.54587060286247
2629.390100634149,2118.686785386508,2076.4643777190563,15.957244028384974,23.57376508407217
3931.6599923454987,2745.0763723749674,3907.373873271268,36.99183147593334,24.32462079814082
4461.828387944834,1108.7057414407482,4750.888169722242,14.972442233080148,37.31101048656605
1951.2506733105845,2817.586361990767,4890.827830792914,24.755517108502005,33.76932685025967
3282.392146056405,650.6684757239021,4770.129726148432,26.055604392637065,22.156695942822694
2642.6725698930645,2836.0900670137858,2537.7405176324874,42.83750477333051,20.062700453142995
4409.74319344381,1379.056718099086,3197.582353486725,28.79935172175498,17.43847695547967
4026.356769407126,753.5520711230413,3434.8621016680536,17.068467477243274,23.695017143391418
4014.9861141334136,1714.6793979658141,5217.74883071802,21.72437623658754,32.68068978378815
2906.079479384911,1141.94141930127,3115.039489658212,20.309289448646364,21.662317807455537
2744.4585070129956,1212.182254904807,2842.8198554688124,78.11537585386088,10.001716348776112
2320.2212157921185,1268.2249123157164,5829.792076152385,63.15047548429315,15.147445491324188
1669.1264899527814,2507.5647445816585,2035.4531404538757,77.74330256886934,16.398590373466188
4094.1671287651598,1847.9031916881363,5991.283422727913,40.7818340555536,24.062962909022925
3938.703027390233,1278.269247890009,4707.285195429582,29.485793716385963,22.993628625191896
4499.153019858391,2025.8344582772959,5313.877197796468,65.88052380464308,18.119245475445652
4489.910511221717,2290.376685557984,3178.4775853847727,32.837774262880274,21.397896247148374
3166.2951168078826,1181.5600018338346,2057.26111066824,30.95683615937438,12.973113609643706
3806.9622455415315,1533.8727538133787,4951.478074246121,26.275419454548185,27.122986453307664
4334.2971896472845,804.715233342369,5336.578388002703,19.077528475696475,32.525372218047345
4048.9421720322343,952.8733738367008,4961.904527814077,27.952414271173616,22.951721055678256
2242.044305229593,2202.794634912457,2571.401149203354,34.87238239317214,18.230176518357887
2851.6324059302806,953.5958692390674,5013.711689027876,57.17959457020113,13.250464559853597
1887.478245454485,1812.9084591676503,5075.691128430564,14.37953895536161,44.52885625972142
4362.153081776167,2272.6156543060815,4634.16206268022,24.735485776574006,30.564516182986022
3318.5239033526404,767.1923077368597,5064.463731182344,66.63165482041734,11.325288496500875
2185.928416510388,1918.280549072259,5383.685758710928,20.284534650863954,36.66482809857904
3515.1020532175703,1141.4069592534092,4454.416456949833,33.985160256576506,19.540288739725387
3354.384721373687,2907.3171880939494,2354.4188558787164,70.52612453006981,17.416789628355993
2574.4881540985216,1708.8641167998119,3950.5112386688434,20.844771780040986,27.077908641916014
1840.6727765988871,2514.9813744378953,2310.5973386864202,15.791578493273292,27.13655199753228
3514.7195867783985,1875.5663553906545,3630.1721241297237,43.91765965560076,17.79749779618884
3060.92310271138,608.5313321370479,3628.4259565025104,31.169365789497547,14.421373426335656
3816.955175206918,2082.878438985056,2264.0393765609665,49.43858551386979,15.669992225569992
3060.49050333598,2878.5083555166425,3395.2821358779174,66.26634233384326,19.728265480506284
4056.54450095562,2004.029550365828,2443.9923951652595,19.60039417069202,22.508969467962917
3155.7205163234566,2547.972148566975,5232.940840036888,50.64893591879995,22.353694290187715
3182.8139146061585,2710.5161583710196,5790.752103857883,45.38561322729048,25.653676656175787
4129.960807975035,1070.1994298723312,2289.2659010317543,20.08551502092397,16.88909799569442
2710.448598637191,1030.1120997705666,5820.4608291668055,53.67989398702877,14.927169399736632
1902.0456853519222,2027.4524721274793,4090.3063973469807,29.154829250254014,24.67318268732914
1586.348028940017,1527.5711745167619,3198.2627118154955,44.148402298080875,14.80312426151783
3765.411767020857,2599.653257166801,2307.448301104654,15.759062699394331,29.261853005634283
3360.928654060394,2750.057808495028,4002.4970722816715,42.170884004953614,24.39538582119989
3612.2393042976705,1383.5534482567953,5178.062177962995,31.45244276299742,23.290190631230274
2138.892484526732,1092.1763974362052,4828.345909066793,67.5666847829748,12.553758795930966
1909.1144267603092,2451.3137881096545,2200.904045855895,13.98851088981578,28.488014717671874
1543.6339970036458,1187.0150888703402,2291.607341471614,39.3025092442831,12.617351406371098
2551.762676419791,2556.535796284196,3611.493130530548,42.09019968920066,20.54403032694037
3269.7530605638995,1559.345634121907,3181.161976191773,60.750425340938314,12.139984394231641
2676.7321352991967,2168.8747482286763,2929.5372922241913,50.20013025631477,16.3690728539736
2812.424766071187,738.8382845866704,3124.0179956348543,56.70486360359267,9.494819556847535
4212.476083481245,2059.6483116914324,5213.930973187538,64.39344999562293,18.64366799092088
2544.766401069901,1629.4191968430728,5716.912214527416,70.35420815607321,16.807881163016674
3041.9684674794325,1966.5211579386853,3620.4107781102657,31.971284770572936,20.556702259774774
3850.959038223429,920.0355193621585,5624.444008529988,47.661589375473206,15.242895530349918
2689.62834696381,2342.1843623604555,3285.9828049915277,68.807565490744,16.915541564189056
3366.2601006836203,2656.9926938580716,3905.7479453751666,79.26157916755395,17.798533928860646
4087.0911262402356,1041.8495002269392,2904.1159912639987,72.26635177306342,8.218631768664276
4348.561870972926,739.2863888004043,4561.904168703376,36.00270838370638,16.439966565119246
1941.2204427871138,559.0964651158409,5915.924460699236,23.66165620530553,28.1942272856927
4279.762875484483,2104.9287511081648,4413.972384173514,44.25747761846121,20.437008662614556
2976.3488792386142,2017.7350902219519,3431.2563364541957,61.914901628522955,15.401642218357996
2274.7331648968748,1866.743531785175,4591.269783962114,44.47983495273083,19.576174178573247
2877.4072687147836,1079.8677402899384,2491.6827138615504,43.82266043195679,10.899879009382763
4440.097725856431,1477.2649897637866,5554.636321061595,68.67612947572604,14.800462976015691
2977.854281978609,1986.1908379654326,4012.3358031193457,35.298264534703044,20.94056306543472
2486.2548308625246,1741.9171471479235,3797.398968158568,70.1856272368152,14.380733676364466
3400.2025629501773,2969.463800537218,4343.459153814077,38.47633606662065,26.296808903448643
2220.4368563345793,841.0993813918328,4499.13545115761,32.976317397483754,17.933061947377038
1727.5899843259917,2237.861385118985,2287.103224906052,41.77929378397893,16.165983246996042
1886.6391657319477,1510.7969202607303,4730.468884893609,63.37128710724079,14.927921052985445
1884.1375168733173,1570.499037314037,2967.726721262118,18.820141950479602,22.53284862112173
1955.708080536883,2293.9944141454407,4855.81053002636,23.749345111041215,32.005292209653554
1916.4815179482305,2231.0903783109243,5290.1391775367865,76.60113779641644,18.775965080130742
3422.6242344096436,2978.1399842554706,5215.8340302100805,22.284413916695016,37.55938304708265
2045.6402531974345,820.9857236353131,4210.003869631557,49.74091225517382,12.275830196840166
2537.0018499715898,760.2741234604159,4080.6795692430046,50.55201266633565,12.038163575390424
4190.365229718036,2310.847042821853,2571.503845357647,44.27371234351713,17.98885220600576
2921.884920788617,1945.9672925160228,5101.384601612543,55.1321674003773,18.75873349934767
3502.6732155630816,1185.4016663995146,3085.637521786857,26.08787080583329,17.40874579652524
2016.9596136048895,698.5484224724665,3986.7816912717863,48.68635874437238,10.696984305599635
2076.8670564260124,714.1456239910764,3137.0963717100667,36.0521278672828,12.324003950574898
1622.6058487994367,2735.4771866602955,2535.3134519987725,56.316708174043235,19.200308978619404
2006.8051892164935,979.6683117968573,4518.230787566947,19.885648036120465,27.75808464144379
2335.771017095876,1308.428905288802,2217.328139291615,49.961419178763336,10.96908581145536
2031.0314528302406,1066.64100556747,4994.5809365048,22.96892487683266,27.239194905407345
1766.107601271167,1387.4907645798432,3270.3471810444667,29.505014418052546,18.015946400629915
1861.9076133018025,673.5596068652334,2000.5387720179413,25.309686022650826,10.86553260855443
2882.3363040981776,1797.649477270676,4044.516556948919,22.798644590817197,27.140049663218704
2119.0011552173773,669.0314089805372,2187.4076341104123,67.79976660924669,6.684313859467998
2592.809583144226,2500.891269555904,3104.6782312835976,29.999529736262325,22.862352638077912
3010.2518125645706,1084.2802047760824,4827.905949822865,74.89866473051146,11.379635260160061
3571.184485888096,1850.0297865112764,2250.7584864874634,77.89485677416336,12.791385695844994
1617.9364195232968,2700.1977189036456,5357.35396942401,49.988232895596816,24.550570121355545
3898.231196727128,2127.1934226179856,2015.2796906343324,20.010078586600848,20.430829912416048
3383.701168472723,1832.3944663783382,2987.295476807609,36.218377036570686,17.910895081755292
1745.2770958466158,1310.8343827884391,4963.616224608286,65.84125843437498,13.844149183429973
4120.7358723203315,1332.5047826454947,3265.0805989172272,35.717351008794935,15.412963250083756
4262.61720159544,2173.7173879954753,2407.569552264054,16.09120528119521,25.45075662322357
1683.2338795645912,2985.348403052919,3440.9356752017115,48.974943764973155,21.067118154696697
2330.632944441611,2154.5979746234466,3081.573145538102,69.15845960472242,15.464576249423512
3918.603839379184,1894.4585434250623,5370.84760864222,65.71484710004518,16.729679427454833
3744.779071150975,2326.626275598115,3253.3916703405725,22.258619809124728,25.635232029702472
2053.5630580691322,1663.0140307092954,5155.729887104029,57.09352300887267,16.307599757348562
2128.047970010131,650.355856501963,5567.4885792429395,25.4352984404953,25.097571855489146
2611.416308374146,1905.7420396947746,3735.2696783061183,25.274527418652056,24.232341343679618
2953.568955573064,2894.0632112634503,5639.772575417568,71.18502413136295,22.229663269753857
3354.764314590888,938.2573558941491,3509.2722158527713,27.47682669181611,16.941750126132437
2606.740918709317,2225.012227051664,5856.313665960433,28.427314256260782,31.139953601765765
2887.6041483994436,1002.3342216476412,2357.1580981022917,10.045737353290969,28.708117698515736
3742.4128144012698,1839.5692111827032,4748.077066012971,70.94683238878623,15.615014144493825
1610.0496086717937,741.6911241167991,3975.256161827715,65.48163692463943,9.937430119597357
2257.3108330320624,1625.927340645463,3550.5952218225884,53.91302545634746,14.272796021476235
3640.0487576536575,2390.408322238115,4530.847514994404,62.518603475718955,19.289771837160416
4185.620513061598,1368.9288105974551,4815.428366537324,20.643399719714424,30.823004599682164
3035.032326346998,2162.279311218045,2017.4530786012363,42.08265162113028,15.898505024742589
3096.340455795947,2488.6249019743227,2667.812354988795,34.58535711441466,19.95062240989166
1821.5160340193281,2817.9445486986315,4852.184202537275,16.564356837991156,43.51124467651743
2842.2371004703637,1086.605204638634,4665.541654312826,44.029133965044686,15.9091808844817
3097.8517993650694,1498.2897895232704,5864.1900205147085,74.45177552398448,15.37188356174389
2227.411510904189,881.0400333260436,5044.151161003132,12.804138333548615,43.63708899329315
2307.729692848143,2981.208755395938,5803.090830925352,30.402263944565572,33.91156925342906
2631.852489313868,2817.5024198107385,4810.162006139228,24.527865534399243,33.80456813713995
1560.213593333179,1849.892825701399,3192.2088345577727,26.67026575659874,20.72195247914644
2466.237496749535,2605.0832359410533,2421.459689003426,73.59041863155628,15.807931874404323
2134.344020989634,1802.3949431801054,5127.295453379742,42.76483379640031,20.307216780227765
2482.492056533744,2058.9642200068993,4576.596885903664,42.640958905787315,20.22755132600162
1859.2863954577538,722.8110802900416,2192.744049573185,63.24029497186976,6.472735089418874
4171.581842219684,2388.1760512420196,3440.2018636039134,20.814454280344805,28.548557989825746
3280.777360662146,819.2837090880871,5827.199261937145,44.108574787003555,16.861059807701782
3537.3069574334686,2565.169075631321,4001.604582840805,40.09896498847418,23.061973981761426
3867.513715822015,2455.0702191759647,3730.9165440788183,51.78374833826593,19.49750998595305
2995.326596787172,2271.8617443574412,3830.7984206371757,79.9690392275307,15.16540855331975
1760.760864262271,590.4009513119053,2835.530896020655,63.8614225857433,7.7196236657207935
3111.3196254556433,1257.8208898633216,3474.828683459181,37.8505992112199,15.874883358888336
3260.5233540626373,1157.781424777107,3479.2530239487064,67.92871365918329,10.413893803943102
3736.31842255299,1400.3410186787978,2209.4200807498896,21.949585431873615,17.277686107218447
2794.9786386890382,719.1068669095964,5070.2705140716735,12.13245804162721,44.958243788914594
1882.7409083866912,2842.394557577657,3666.017727615516,24.31138607249911,29.34023502613557
2351.3277173961733,1884.5056017809407,5288.719547265693,33.828808927998175,24.42405284258678
2589.246889195905,1263.810776645059,5401.392004479581,45.74065302216919,17.231234567822113
3437.751723994804,1492.4537926857085,2847.976218794632,53.05903983788399,12.638421160329388
3212.3349140067357,1618.006351262089,4629.413928680515,73.74240020500952,14.305985628942068
2568.2901776935387,2001.4858334015432,3889.1272166519266,45.68978066853204,18.320617961498947
4459.545746378939,1789.1985692412445,5520.62695168594,45.08929512380106,20.597741716718552
3317.3244580706614,2798.4799330360433,2862.9627167058165,13.51701068760875,34.97289293224263
2211.680375207983,1742.4087072645757,4711.252801240176,12.443808685935666,46.70690654390115
1805.3474178612112,2980.3950370582816,4431.00848901089,48.58119733414605,24.000358810611402
1958.577417552996,2628.5623943627393,3181.205910287331,40.672502927384116,21.055577469771226
2237.8731851535244,1021.2762858933395,2546.4036146046906,68.7426276486209,8.475580855346694
1982.044119778667,2826.4880366097905,4606.559041909106,21.247570929829163,36.39870231271518
2059.7010721539173,790.9159947136902,4954.389832529323,11.748016348193472,45.53863271750063
2355.2855060815414,2543.624271227979,3262.5093750533997,41.43271375510881,20.836136811442806
2020.1207858842645,1451.5582336914504,4579.330416089255,26.623498972658023,25.04906947657824
4190.296273879276,2694.9358011126737,3580.523630446013,13.473006133718622,40.29066931243953
1740.7012369849267,2670.141725268626,4852.82753313047,60.72188007933403,21.24133926512698
3073.534168710764,2514.8135002940526,2796.8610995762124,17.811509997007324,28.012468060423988
2731.1904809689845,2475.076090767653,5560.860010544698,52.582365000544016,23.46894710053379
4447.135850725819,1261.697847745102,3149.638385862319,29.67348251168224,16.211321765743104
1836.116706504157,702.2982076281305,3471.143951024612,22.144723524851543,18.701241678266882
2693.566797137225,1507.4504469129038,2232.367808321399,36.58260660435222,13.440738924266453
4408.411299826106,933.8112874662717,2446.0488492851055,66.10120433560675,8.988343653944609
4096.521377681941,2237.3777222561544,4063.4476108493127,37.44655038332009,22.228099371980846
3951.21621284784,1365.2493163444638,3070.370706911886,62.5538754447739,11.250585790476569
2273.7084811348195,2939.0255021497874,5341.920902968777,18.784040775940547,42.97858794072432
2012.6627621701973,2102.43019336333,2058.7735546198155,64.09399937655553,13.417105309901862
3505.9296597732928,2556.2014090859025,3516.376194687745,26.585332743465404,25.652865167453516
4288.127967382758,831.311681854621,3349.3821870763704,57.4175190922211,10.479383383360616
3170.2886790417892,2655.0362056815566,2077.310523670404,49.60470883886975,16.77703795225099
3214.8380684096996,2806.892976283486,2497.4735960020407,75.04013020481811,18.167039294553987
2339.9372809808524,1717.6547970473398,3654.570699674541,37.112576258271986,18.84964565842371
3808.4787995758106,2015.6323443774436,3971.4583377897866,14.631563218410832,37.76668231804605
2061.13124567257,2412.0245022574886,3617.1589890194764,11.340883988587704,43.72351203308254
2471.037709212731,937.0965681510313,4123.7507136483755,67.88009926809272,10.685563575884169
2776.30931584925,1756.4151911586061,4380.526699622726,46.731494636300255,17.43932113795931
3022.8311360533653,1496.6575694307828,2039.6952845113426,64.26708362844644,10.3947357687223
2227.229197245241,865.9349804056228,3856.3806378140152,26.40979200080603,19.178588694785567
1844.5104742176106,1418.8360557288286,5853.996963550353,34.15586218592636,24.88128132470124
3331.860127324898,670.4307734637339,4076.1291205181947,12.107271054792326,36.465362153221875
2365.891659720767,564.5297673737175,4710.1690698358125,77.30446272018786,8.732906419247767
3243.7146642678367,837.915722887057,3247.455431667533,56.75075346905694,9.83624145509237
1963.088145822607,2907.7877789729346,5095.96551261105,75.32435614315143,20.606406486744017
2943.4203055644525,1873.8238397375424,5091.685927504461,28.584748520035063,27.477390365363686
3097.7682976547576,2914.5554028830497,4085.184190616556,52.80245278579626,21.94751371437019
1655.4706104672807,1581.24469582533,5904.055293116855,57.494997780484645,18.07734388930176
2509.8128345817618,1279.540332713149,2502.2008590506134,32.228479018031194,13.935670344750035
1903.2440308169228,1765.3546571006102,2067.790659558324,69.3676464510941,11.413019149917906
1690.1249114183033,1598.7792215822753,5080.632847028384,76.30130240301735,14.649018601586784
4469.880697169836,764.1617106543598,5228.62214945953,71.9398582387203,10.981049986860828
2467.061534924169,2102.065786725516,2480.828916482305,61.73468831575608,14.342933144860448
3929.6233375639044,1040.095456273999,3062.3313318344244,29.42252758074678,15.24436427560352
2263.9219642912917,2048.9698872445742,2070.2094534665157,29.713122947394222,17.37193545930524
3544.508166671788,2125.5027309953834,3173.234443122259,77.43522243122266,15.552243549720117
3780.68357966906,880.0621328216203,5092.567495674686,10.719914715498442,51.975926021666126
3286.916221823533,653.3740677766704,4071.8421108503157,60.12349812695011,10.53739318797395
2914.728565650475,2451.9039651710996,3392.3823726731525,59.437231378868354,17.27191288722838
2735.5227424418053,1649.5010594233004,3486.9571796253213,53.58826786648582,14.833327402353625
2546.604799628986,645.4094887636895,2005.4145028618725,79.3076192260806,5.207016297034101
4288.587432743478,2987.165792924418,3199.2021102609433,31.831560503460768,24.24777577913554
3991.8582233631873,644.4514024909166,4585.834966551722,33.798030465527376,16.420921012501704
4395.080731999538,2237.5880721463827,5896.777775265428,15.525758206258889,49.7645006810678
1872.891670456634,2959.197313158534,5388.243307935598,40.99586955806162,28.41437542562577
3692.6024256109326,1097.950260539814,2094.3798585821164,28.273396836439368,13.01885265403519
4315.021370463113,855.6234217179904,5594.242418699358,34.037069152435095,19.94750162603759
2043.6991984969804,803.4623485560722,5132.793653194503,68.42002531789393,11.421059394102562
1699.4888021003326,1258.187868918989,5121.504494283921,75.4839159469247,13.226684422434726
3723.361947870177,752.6145275266167,3831.983036014286,23.001315040362996,20.510684023513075
3223.419339539736,2230.40335423533,3592.021171818011,36.07562520874261,20.187040063381257
4025.4863302748163,655.7294953251567,3211.6629153327704,75.00413934807759,7.115469444934543
1919.3171298788684,1773.5553203744744,2262.7794358174633,14.326592248245584,24.62999916459177
3885.8019355796705,2991.742134632442,2912.9414539747963,16.465236967796496,32.91832002650949
2104.8819601432338,2534.925673765047,2986.4145399120985,21.395369244436054,25.534793016021357
1990.9678285971136,2038.0485955775273,3936.3082788408065,51.664898388881234,17.728102930557327
1992.7973937929787,1265.6340519665291,4989.777626386776,20.533058970419823,30.70088441671556
3943.724160694146,2059.739590729096,3895.2393135917864,77.76534670155135,15.732469353202912
3495.5916620886,1817.603659779129,2231.3777977886425,41.27001690809642,14.841224129070017
3069.196274307358,1565.2084597259286,5831.159203952815,45.106257224511644,21.044933932807865
2576.4914523705074,826.7759418504986,5770.897276376449,27.266103106378456,24.899006843897695
4131.601622439324,2716.5105381011667,5140.758172593633,42.967217670431346,24.59292458187018
2677.335322267906,1624.4616220533062,5965.311606256882,56.33395428459081,18.514975552785586
3949.798318414731,986.5562795519127,4177.929331201052,62.58239958678299,12.10948279699738
2817.404725710655,1419.398377193224,5851.073401012824,62.77076578969391,17.1150542129585
2630.8332882747227,1535.3243813223175,2302.420162467003,50.452377888586184,12.595447788386421
2888.039357008819,2568.8447389171856,3462.722993045485,73.30518424957,17.782602297288143
2404.133622492426,2334.0359514035054,2901.5250720270633,67.21854931142767,16.17655371953938
3742.8281405287535,2423.2622341033493,2783.33233653708,62.99336802890378,16.256704760724492
3008.161170277437,527.5781610716181,2563.2117955707045,13.892386517632243,21.023339216152877
2196.638085440452,1540.3849954494037,4489.654566263986,10.481457355375452,51.37071850820689
4198.723719823705,1703.3603790883092,5125.28742298922,24.871309403683107,28.652750842635903
2651.673664119634,547.9806920576417,4313.193597681442,56.44665157394166,11.188478785035992
3130.658583341966,1149.5330218625854,2587.8508383528388,38.783824221778204,12.25915146305763
4219.416332893641,2400.7245578053376,5244.495079733884,38.16843815095182,26.406736234194465
3372.7139877419763,842.7742643224976,4543.818828654914,71.92108217607296,9.828248103717195
1850.6941221250922,1838.2753286314792,3552.662824507982,72.68939936922871,14.371785312835977
4319.496370840425,1038.0046800430937,4696.521182144252,73.642268483751,11.199118655489073
3383.1241592142533,530.3019366097332,3039.6199169713313,31.97146535605191,11.451166050560074
2504.7168439712586,1103.0036439988537,3380.768833976842,58.37390689174832,11.41586064533762
1917.8162179901617,2939.6843872751347,5669.943372527961,29.014322689205876,34.74503524502163
3882.075567810888,2503.8427797074737,3162.0180226856814,23.342688315211483,25.64281799284777
3360.218267785541,2898.9416108025835,3879.953072631746,22.924272014315846,30.670287466782618
3100.3832759289644,1719.6351098159062,5560.564549584058,33.94753346045158,24.932131121998363
4181.677749152873,774.3404966937587,4830.88540107011,40.09703338458752,15.87597189766294
3865.791633673592,1869.8987224342325,2248.812904658811,68.16644197385479,12.922656336385401
1955.0246391982535,1635.9433363999021,2589.2121771158813,18.392376543089846,22.732151901256294
2435.1662033866446,2610.8927068490398,2031.3663630876672,61.444809317642594,16.33075751745451
2245.4674194433974,745.2064519606115,4523.687160916654,47.20184399325137,14.23749247223762
3731.8388777180307,1720.6028425544455,3790.693701641673,30.156173987319473,21.28533927529807
1600.597304207338,875.1216617349606,2537.0994036091024,44.49737091729772,9.904078888463463
3209.66905461395,1311.68981722515,5831.736484227082,30.995944884391584,24.56717971152049
3787.3760572220717,2343.392693469499,4118.63889578248,51.725736866681416,19.548089430919195
4130.2969102852485,1690.0453234219162,2967.5731764515567,40.36907459986709,15.633138429491048
2526.2452461477224,1439.7207128644234,4002.41428461883,21.508387035521512,26.287377231964683
3963.7719140160384,1486.1906964250884,4718.481330940431,18.16081521889877,33.643855666046896
1831.8952108656217,1648.6169210149667,2304.956871894258,48.26869774504911,12.428662231916523
4039.3568752035544,2462.541359592642,3098.815260191568,73.16891233002724,16.633986819755837
1882.4659869959473,2730.211722350586,5227.861963535975,34.07703805903799,29.32812808230009
2691.8618716811015,2888.3367162598206,3838.659481610645,61.31000750558363,21.46676435915183
3891.886097338661,2467.258465638238,4186.30856812918,56.10629484578369,20.24143269912974
1949.7522820463214,1288.5172393700318,3731.264008837877,75.20884400166366,11.784213300459822
2187.754185697924,2220.336765216355,2175.5997705720206,67.46867121093986,14.356334232315554
3666.7577051791986,1594.0078101384797,2662.9991192806237,49.66236812338241,13.526402334105285
3660.109609638223,1136.676555115128,3782.1665549675636,55.99213487638751,13.062952778996417
3423.442898655892,2602.1789485648064,2836.7418616317113,72.88705266088243,16.236475547680495
3581.8453334013,596.0658724058125,2199.916114638715,37.966314921085434,8.599999064919103
3128.1733300427886,2754.4049803385587,5374.598656207295,32.87562941004441,29.734016598845052
2255.397176720858,1653.6936615618354,5924.770116656464,10.756775854463744,63.53746826333663
2537.0879805117584,2093.0036920207012,5172.571495986958,67.85857519340249,18.702705591184607
2044.793150404277,2148.3848055144567,5415.1396868186675,66.06864902823554,18.63966878310288
4225.351684000885,2737.794351766341,2967.9085212681816,17.3118162670106,29.637650560201816
3250.1753842983617,2091.6742054180186,5842.507902052799,50.380016679289014,21.84913633495973
2702.5542502909198,2034.8339619001545,2787.7028178137134,42.47871887168212,17.19349352337249
2886.017410932398,666.6301014017249,5805.719241447329,18.309636685637802,35.310509659152345
4341.8500188354465,1796.0200548630103,5979.277175863805,78.63977589425065,16.797568545047216
1960.0542093482406,875.4225020426042,4846.891222984195,25.028712122434882,23.602439968939454
3258.6894960503914,2343.5844218037137,5924.574927167288,14.70639260633928,51.364118442998446
3017.666036653398,1780.5548020316862,4278.159118268415,51.63931656513367,17.445114700700653
3334.3627063039435,2200.569448020883,3038.1671327043614,61.72066739931228,15.508153322007102
1554.3305514625215,604.1822515059607,3747.983542662483,12.271041223303087,34.65628088325831
4116.371726832454,711.980040114508,4374.2437415151435,56.110234710891554,11.640957483086684
4296.354847450837,2290.808470156706,2292.32624810806,47.26043131660181,16.014131503506178
3195.399550767627,680.2108399966834,4489.373058468984,17.22855062125339,29.153113950019417
3589.952471630677,678.1418194131465,5924.711347049179,22.076671386245344,30.18121455886648
4267.498143531887,530.2711880872187,2760.4305991349106,49.75820081212564,8.079294715148578
3621.715902940196,2891.2534957487,5170.380465153534,30.745032945930188,31.83164622908457
1957.617128742784,2343.7708986475172,5631.5951751184775,75.68210100559213,19.25318154850178
3228.8650805004395,1383.1285212551604,5774.8063712808835,67.31181606388355,15.129013436821124
3320.145139148568,1241.3389532191381,5840.542417621789,78.84970445595641,14.559098760051981
2772.392013907158,1374.258074364624,4085.838554885888,28.17695872652898,21.396581723238818
3709.3327068741687,2436.6338279529546,5909.231631966015,77.88065429585839,20.155136469989873
4303.1010443070445,2153.426527676036,5029.240828537755,40.18637088540905,22.977811633200407
4276.705538720329,962.9889196686698,2646.6857449478475,34.326315671962824,12.70687182745005
2852.5181142123965,935.2733383352108,3907.60042587188,13.524466887854727,33.72474576877202
1839.7141375222657,745.9891242834933,4873.324701488016,13.693568050172184,38.37354236877488
4454.523596887004,2150.7567992533454,2989.3612632763334,58.440787916265826,16.876618265749947
4016.694259337802,2410.93165555434,4562.460734195549,42.05502961038195,23.548767862479025
1873.9880436098006,1162.61607081251,4666.401916186477,25.856513822527397,23.66177997750046
4262.525647852117,552.3624025772821,2650.7989752342637,52.97792144276629,7.214269022151161
4109.689086186385,705.4291686910683,4260.341249811025,27.700068277507782,19.081182060306357
3056.5141713782164,2919.6500871125763,5086.50764391443,50.43422280410958,24.727028109405666
3273.8263072347877,1238.6119436935505,3995.5826581437677,35.14461228878832,17.73987053914207
2697.008111610391,2423.057869595334,2048.4124671044297,67.64865586282733,15.239094554277575
1664.284916466094,2061.6589221356594,2036.1538763171686,67.44873125367455,13.580232269822018
2505.5917249377026,1454.8490991322396,3428.1173758800487,43.41452786856809,15.894143091489624
3908.560345794034,1014.2181554888878,5704.776273727128,34.55733765345109,21.863289885282267
1513.8960690138085,803.4660453985161,2914.707118414435,35.37918575913662,11.730982408245785
2500.4975150734326,2037.5324200971666,4537.454755486749,66.40001679677525,17.702457996234653
2694.50608077283,2436.58445159447,2888.303482773282,32.97256379583284,21.762947166340098
3112.186808813769,2109.7606338528267,3286.6799586381944,24.63415615947922,25.466794367966628
4259.566849238281,1825.7553331228958,5392.168358405936,15.928183931271478,42.420031232054015
2539.0379830978836,604.8780585790906,4915.445769079788,42.66851846190859,14.66590733273607
2540.859605688683,2921.2219439859596,2381.5971092528425,43.749246924388935,19.008804607793678
3712.503744329245,2496.785479136436,3714.8080839457343,68.8636097282035,18.154944842329655
2856.6538226694215,1232.055091752412,2116.6790545810577,25.486708751224477,14.191206277945083
2173.814468819946,2949.925823397127,3923.560586412036,36.66938915678799,26.41117733637442
2857.31854839808,2004.7039740908053,4649.7360468042725,66.58840172255836,16.619014084421494
1922.5710611393995,1956.0566455181163,2474.0104943926062,67.65365275242814,12.592568157608165
2029.1609595186699,2370.1829485738303,3155.5397556366624,36.92277531851377,20.161606187641002
2995.103318218439,2529.4244702253436,3591.346502008628,42.138681630067666,20.182062050013723
2756.776348513644,2141.1965183287566,5678.124098624199,31.230012359449805,29.263158484364105
4244.5377032043,820.2393659155,5973.0200616918555,75.27884148935185,11.00318238407013
2587.1816973498994,1345.668764986246,2179.6451959824635,18.30506360191062,18.64990734750899
3241.7650508341303,2820.209100815124,5044.0316939815675,75.3624596101029,19.755169147691152
3396.792863758591,1061.5390296096298,3486.8962656093727,57.87065162847403,11.172873708817619
1539.283369765001,1430.4175595937832,3569.83274491792,47.210050688071185,15.535371690722608
3490.6121160501316,1580.1922073604899,5017.05989338809,12.28613425491471,48.91642310890995
2034.1079006092543,1598.5124742361304,5673.7057285816345,43.29173342754058,20.66656412477757
4383.210952408365,2032.3489562363138,5803.714378010194,38.542367350191256,25.204155237359572
1945.988183259339,2857.689594361769,4308.490344153283,21.28531683825858,34.539064164447275
2743.8723711810712,1101.7317795812623,3428.484637202011,55.948672245045984,11.872884706822756
1756.0490042359315,803.7534407522951,5150.196343435116,77.98056351578,9.939799584383218
4490.622755537843,993.6762246498433,3004.005533049201,49.35321677451676,11.351411945819962
3006.5850309937277,2717.3122505231736,4256.296115334071,60.032729351076206,19.324324799552947
3286.1550519601315,2114.5270316380147,3434.3138460994924,14.791531679621174,33.47580119212368
1701.2294321652826,1214.7669730979003,4626.524294831504,39.23668970718963,17.621019611197703
3749.8814111975335,2539.867347421543,2961.5956515740277,18.14509396151471,29.337743415047324
2129.716779286757,2653.42499090859,2766.371782939303,52.89570848755573,18.50830091595697
4194.162868322141,2616.285846725695,5672.956346701749,75.69375107499083,19.873264192388135
2115.4189214460216,2797.3163340988863,2407.2147317981476,56.3244412730147,17.767921966668013
2072.0631619909996,1130.6025504334038,4023.831630939727,15.376213382009507,31.921550146251764
1609.6490035442846,2387.6048218656956,2883.4111318520354,34.8266343489558,20.177817986849035
2916.200835329998,1651.34874318535,2155.71985330267,48.546436560859604,12.407713255225326
3194.5233997878495,2604.996382225154,2144.0752731657058,38.224542929327654,18.39372371090232
1697.1259182850572,2321.226692904033,2700.8870884233093,68.35508073326207,15.905477646615383
3826.5828500850316,2441.1186162493113,5467.081418024001,67.02697032969925,20.103286455088924
2859.8665042440825,2140.4045942026787,3129.9149759081065,52.8281714072255,16.582685497197257
3073.1708079827404,943.5719236742672,5801.836682301183,36.14205615928937,21.855696229395765
2822.2882408146843,1862.5672972423458,4326.489171956774,27.87354616342709,24.122842106763002
2702.289182625978,2961.6743488112706,3746.4567590750644,17.411202274919052,35.399957899687344
3178.920993924654,2843.4701662427974,4320.3553386778185,34.84283784405878,27.008696348932983
1965.7207377921375,607.9343394925291,4066.793540905071,38.92207620454037,13.148902601515028
2045.7843914858133,912.0370393235928,5035.105015029301,57.307604757285155,13.187169143467992
4085.356863040552,829.3219336364048,3129.984263891409,56.071187700830144,9.338192999560004
4338.346386400898,2314.9497749632387,3412.2015664012097,14.907569774887985,34.333901936010676
2619.9279488392585,2544.4633246423627,5576.377210133003,37.668152080181045,28.325543139830483
2312.234019430661,1033.7784157766798,5785.826052601622,22.724520705215333,31.03067395172789
3431.998629717047,1764.6317323795724,5570.232909945898,20.976889372176398,35.80841203110751
2726.202513294289,2601.757570028,3677.7919758292546,67.91115048160722,17.71626800567764
1576.1590669810346,2332.0038619156267,5121.462012027527,12.934065170138027,50.68113493247517
1968.4577920985712,1855.5930137296207,3905.342933204395,39.34280131314849,17.784874295834193
3647.9166865421926,1975.8692261469323,3990.159408584409,21.774255903656275,27.799779785233746
3476.771825730454,1770.9013672907,2818.720436229136,71.55311509749319,13.272198362489991
1581.2879775104504,1243.8711282970514,4364.521213034066,48.99283592925246,15.386317518668198
2165.916485798848,1912.5549821475402,2744.543591013392,26.19664454637936,19.928717255553682
2193.2243897642143,2222.2132551252266,3326.258796268775,45.16991010164635,18.46379794974517
3515.6782307961853,2683.3072896520193,5420.120806479741,61.204045179218106,21.927914874098345
1559.1316132630925,2090.72838494812,2828.303236843421,77.06826062436036,14.225889109069755
1812.3257459537215,2402.8038426078947,2284.633140693731,25.431220297179326,21.38053489372591
3899.748256119568,900.1790873864325,2276.0303704512653,72.03272404905417,6.852669241900813
2035.6339861630008,1653.8936860494748,5763.138082012432,75.40128799172432,16.062580917517828
3458.238323555624,523.3290495677333,4027.6817518473385,74.14943811724464,8.514706611086286
2214.5483431401794,1116.6971613040575,3637.6482872680735,54.47900498033369,12.053091914398982
1798.3241782780356,2316.1542877825123,5243.514324031674,54.087445810429536,21.625634483491893
2229.5165729983623,2979.5248783734087,5343.303711642064,38.22474432286759,30.283602894304252
3666.8007955669773,747.9452489680398,3328.7641324624183,62.667851761265155,8.999312055444634
4067.0894043188573,1503.7357896532208,4774.472229895181,47.19058128456523,17.832758662839318
3990.6595937009747,2500.1774217478987,5084.491263407546,57.420664985980615,20.986669399644605
2691.5505888553644,1010.0890865722471,4618.602747463818,39.99205326941568,16.68987226312424
3504.2554097119382,1887.7123732557156,2606.3802992003975,61.20475248301973,13.927158326778226
2114.952886247463,2332.6782400741868,5503.532334068228,67.71300623231843,19.88854534278906
2379.44319078304,2039.9636256504475,4156.378210944034,20.25053796219713,30.214749704895084
4189.007455563359,970.0618365385403,3129.8897054800145,68.30508009019596,9.535711041300685
1539.005770532208,1388.4614217143485,3700.9127417507757,47.82075722532151,15.412539622188907
1756.5255925634042,2459.479461213493,2150.2843615956294,69.12661363631571,15.632361361314716
2123.658765438082,1885.5662853300416,2511.46720488967,40.191119443871024,16.157636299998764
1579.596611621459,513.0740338572818,5062.187002063443,36.532833976812455,16.303404865674906
2044.306305269392,2402.4769000702345,2000.0465390214645,74.05425127620558,15.088120198951327
3249.1246829090765,588.2783873505977,3666.263313929169,27.581848728388092,16.373330334914307
2764.273651777494,2364.3344568280804,4090.0407243423538,69.09486277003002,17.265673967725018
4178.015133230925,1006.2014004130936,2218.5376800038894,43.88144007565829,10.246021545760707
3952.330685215323,2895.1837002984507,5892.312651889331,45.98668097858818,26.7931554512101
2525.4520550936277,1419.8518782552112,2904.501324998688,31.592779704263883,15.976379783129808
2278.2703002938774,1317.3290408451976,3216.7948785451235,50.1129540433311,13.100397874912423
2639.0772245018006,872.2201258311118,3215.7700490201096,32.76478373933479,14.324437474795499
3270.8848275444234,1264.0105387255371,2921.6666484693997,12.748858996915661,28.6425198579346
2304.1909224686287,2691.626904570501,2005.8952883452457,29.039902374104923,20.892503550775317
3372.446723547402,2990.835844068118,4917.379176351986,10.446533038461347,62.31205929940485
2728.2349565737213,1420.773826267121,5867.381999197141,78.48483509397997,14.227321091485269
3156.1415425559408,1621.5265773863564,2897.1739331401805,77.60230468738233,11.0722011727891
2808.37958740595,2305.1773455068424,4652.188767213689,37.66087082306135,23.80627882406902
2383.3972786257527,2715.4894511626862,4967.585307834861,60.985959803775216,21.49993268744282
4345.359920886471,1982.6108354669605,5393.701516362099,34.20642688872975,25.737718319637505
3790.8173824792825,1478.8142454445733,3690.516788054437,56.97652099601832,13.689771815827497
1920.3395272993575,1531.5546021215594,3211.723622561717,66.38010301321853,11.492427584736134
4105.403927693738,2239.045366242017,3301.1805360921244,76.27293712845685,15.329168497487375
2962.293594748541,508.0456590106967,4850.4853323940515,38.01485930947704,15.14686444180773
4183.656680682274,2048.9733436496017,5267.117866022544,64.83085880692335,18.68609657217216
3899.5657678419457,1388.7325261033934,2726.4558710264105,28.614991544248316,16.122630857849522
2775.6405134077004,2485.4933281927106,3483.764032631061,79.32326126555539,17.65866076347745
1567.4079249603521,732.4765995578305,5607.7607869966,11.80387191350458,50.214370567962426
2306.032078154838,1970.5056673709762,5226.774078778957,52.247016455078466,20.51207869172094
3124.9026439826007,1702.4322247153093,5939.433611049903,56.1654187155929,18.97489584684206
3400.434659478442,2105.8138147630684,5016.993038728323,58.16318899518902,19.58458015678158
2273.663056299607,662.1339862074209,3572.780804111689,18.42713051523623,22.739269315850724
1918.0682222184723,1949.9594685703282,4362.551335978551,75.69708484311913,16.082744650378167
4004.7907103978973,1903.7114698988094,4644.057016989282,22.682829533505796,29.798763939882875
4453.206542110656,1901.6502360404272,2313.8232652684956,53.592738226788875,13.276360345360022
3077.0705469080576,2008.719166491137,4177.98783641546,25.587325538615946,27.08219706482311
2015.0378575449104,2191.1698430659053,4837.283313890439,31.50514919148896,26.253054003041097
2316.9219795581066,2512.4724992019246,2669.2852160042416,48.25209792096871,18.205098540951024
1555.1720296424003,1174.551800320536,5122.526869702228,39.20353929952036,19.556625793968866
4242.896419681497,2562.6235254501553,4335.091122056447,21.21579206835544,32.730462071621425
1853.2532486704235,1745.639205658634,5808.887142790379,21.96554816945938,35.47138730881292
3229.5494265427606,692.645697835828,2169.689192827567,39.27013517139598,8.693317333404982
2322.165662061618,646.3773231099481,3061.304550221868,63.00980847928505,8.02425909559734
3162.5340075473805,1335.5957967401519,4406.215517199296,72.8575252793452,12.761833510659498
3454.2611650555928,2462.242442778669,3186.2396488237227,15.888936358156798,31.614297903773274
3989.225411121605,2269.2023368522896,4857.696656284968,37.517273529158075,23.904486757809863
2119.2638152818095,2471.5374116810162,5036.021130087724,17.017189460601365,42.62695366638278
1532.9874859754414,1793.1726411040233,2410.063856265898,11.161473644281852,31.001661816233653
1910.6568902064218,1600.4974948887264,4055.417856827071,56.32030778507696,15.17179924536397
4200.055925544315,868.6313167657099,4035.5622223642235,52.171460937661145,12.199909449837433
4121.670232687546,1320.4818840232788,3477.123080862164,21.411337967042034,22.694922916954717
3292.239306510925,1585.0484154346882,5731.699450278688,26.366898316514487,30.341773063439316
3301.5505813009604,721.501074199043,5310.025279492885,11.659542755116286,49.04964056907998
3495.1100236387665,1051.529881778028,4788.837527638547,68.44630439860826,12.370058533773285
2026.1138358703488,1995.563235159347,4857.30654293999,78.2283417233986,16.75997033471503
4243.235837774879,2339.157785597975,3846.8645752524762,19.482167575628356,31.052670819759722
2756.3115746762196,2995.868778482374,5683.978084386304,26.203264963570867,37.45060815162153
2649.4155847484926,2832.7833283588943,4778.3817090131415,70.78866667628537,20.14889318530133
3056.7531158485126,2106.412998837979,4915.924246623266,74.85246585693294,17.91437076495183
1640.8979003251652,1553.12013323518,5446.763615149381,39.37391679647672,21.412693882102005
1998.8501062682383,2090.443411770582,3096.2863573687637,13.54357305883519,33.192533095670946
3714.100849279111,2464.1290452005796,5228.283615466812,12.757428358497357,52.35790920394415
1748.3960037753793,795.8404773084683,2780.962411825968,50.176490624830734,9.294166355231301
3309.4563283991647,1524.7622242407206,3381.3678089795512,37.502657622522534,16.12024969208536
2236.047329043963,2599.505714089043,3342.4418170793706,12.005669930435817,40.53423271898592
2667.8868421259294,1459.58237983261,5914.101873556562,50.827667461878974,18.86485208469501
2366.0812103120998,1929.6806780679663,5426.1488949917075,10.791177561231573,60.41049455973687
2567.0181493948476,1969.4234021554955,4804.679446361039,65.11603707044911,17.32956097265201
3657.1377155527366,961.1906328340983,4908.22704646156,31.450297589236012,20.566089118215032
2391.3651468695252,1405.5886041307208,4248.291177610285,12.818060210646248,39.62319488800986
3199.2139208906915,1336.2782218548305,5788.362668434076,51.18465546882073,17.549799120103515
2928.1512065972993,565.491771330162,3985.035011529446,37.83790901031383,14.258679800295475
3491.0134960879445,560.4794097283881,3522.0708394795784,78.16602893500047,6.940680848868906
4310.489217974275,2579.2426091894336,2652.141347726364,48.09390637525915,19.238823161638365
3697.7162916307507,1182.6770249320311,5144.822609044231,29.26674267259058,23.370929404169452
2144.8211357722703,1795.1969155970387,4937.775728302366,59.660720524378235,17.25355512103389
1593.549405183854,1246.8139339719328,3537.4201540965396,29.004440177989792,18.9653854364408
2286.7921328994753,2851.6981127883514,2100.7736558369174,73.29703039852956,17.760546963024606
3285.2337921007647,1148.2418971644342,5355.989310872043,36.23053793551635,20.468882939151428
1654.277440452751,1574.1420318473376,2045.6719338162945,48.49079939433437,11.895269205630813
2989.0987416037087,2681.8256262115046,4814.799118516204,13.54011726769602,48.94067616898363
3290.5285467506674,2604.8339169795217,5881.028438904228,39.82848665665615,27.95903310281309
2502.7316724508823,965.2535446156933,3750.6453125928138,68.26544777626964,10.766127009325444
3812.7366112374657,2506.608274489276,2939.893619983811,66.39541637543394,16.96301259154052
1819.7947594013153,1645.4672168447316,4819.484040173527,25.70229911974684,27.28795794187754
1725.4133452074263,1707.422180213388,5268.5125680623405,25.825534970739387,29.756691277904793
3684.56626861081,833.6999310398594,4185.721264311389,67.21137185492657,10.58685246658313
2986.4739486185954,701.5037843928117,5868.141101024585,75.12788941185279,11.474214451925777
3565.207189283208,2319.848267434413,2206.6748866318444,16.675264489110248,24.073008630467232
2804.482015811239,1741.1528808882495,4019.1823932181123,41.50410475983577,17.074218361819906
2239.2060997173203,1592.126756537949,4873.8157892902,33.62179952749602,22.650820843613097
3957.3069530225994,2323.770571630992,5450.5618845967165,70.94819188202075,19.253894290676
3898.2476369069377,2413.782247477774,2717.02244763116,15.846744027601314,28.95713948524659
3584.0894125632803,897.270419173384,5200.013927054726,24.778815979062617,25.593841178672438
2316.435411689888,2025.5628736941032,4210.828302874181,62.67278363105461,16.816363545253445
3270.6920006072614,838.3852056942138,3586.214727959853,13.590569428685091,31.143339846434536
2582.9216908200806,2378.437715072614,2526.860114316374,44.47747665000025,17.61645684942187
1774.7462199799024,2142.3878906678488,5461.1830356356495,40.9474924275804,23.675516813361593
4251.940726386729,2891.536552708645,2629.0928327188612,33.40808252921241,22.822396923415425
1910.4558927568842,672.395040891053,3239.151436836397,37.620062072324664,11.863580034615051
4350.712061462407,642.6368028781358,3160.1821278497473,47.095841085116305,10.186561051681174
2838.017318873867,1205.4676867330004,5485.656136763417,21.29571508718682,31.54806925965244
